City_ID,City_ID,City,Lat,Lng,Max Temp,Humidity,Cloudiness,Wind Speed,Country,Date
0,0,Mayya,61.7333,130.2811,14.0,67,0,4.47,RU,2021-03-30 12:12:35
1,1,Ostrovnoy,68.0531,39.5131,34.0,96,100,17.27,RU,2021-03-30 12:12:36
2,2,Kaitangata,-46.2817,169.8464,53.35,97,100,2.48,NZ,2021-03-30 12:12:36
3,3,Ushuaia,-54.8,-68.3,48.2,71,75,41.43,AR,2021-03-30 12:11:53
4,4,Khanbari,27.3747,87.2039,73.96,31,100,6.53,NP,2021-03-30 12:12:36
5,5,Punta Arenas,-53.15,-70.9167,48.2,87,40,14.97,CL,2021-03-30 12:11:51
6,6,Egvekinot,66.3167,-179.1667,-3.28,83,97,7.54,RU,2021-03-30 12:12:37
7,7,Busselton,-33.65,115.3333,65.35,84,9,5.91,AU,2021-03-30 12:12:37
8,8,Lorengau,-2.0226,147.2712,81.48,76,91,2.48,PG,2021-03-30 12:12:37
9,9,Hermanus,-34.4187,19.2345,71.01,66,39,8.01,ZA,2021-03-30 12:12:38
10,10,Marmande,44.5,0.1667,70.0,52,6,5.01,FR,2021-03-30 12:12:38
11,11,Tineo,43.3376,-6.4145,72.0,52,0,1.83,ES,2021-03-30 12:12:38
12,12,Bongandanga,1.5,21.05,96.89,32,79,2.19,CD,2021-03-30 12:12:38
13,13,Kloulklubed,7.0419,134.2556,78.8,94,75,3.44,PW,2021-03-30 12:12:39
14,14,Yulin,22.6333,110.15,85.3,47,33,6.58,CN,2021-03-30 12:12:39
15,15,Atuona,-9.8,-139.0333,79.99,77,72,20.6,PF,2021-03-30 12:08:50
16,16,Port Elizabeth,-33.918,25.5701,77.0,61,0,12.66,ZA,2021-03-30 12:12:39
17,17,Tiksi,71.6872,128.8694,0.34,100,100,5.39,RU,2021-03-30 12:12:40
18,18,Vaini,-21.2,-175.2,78.8,94,40,6.91,TO,2021-03-30 12:12:40
19,19,Nelson Bay,-32.7167,152.15,66.99,77,75,10.36,AU,2021-03-30 12:12:40
20,20,Ust-Kuyga,70.0167,135.6,-3.51,100,93,0.49,RU,2021-03-30 12:12:41
21,21,Bluff,-46.6,168.3333,54.0,94,100,1.99,NZ,2021-03-30 12:12:41
22,22,Hobart,-42.8794,147.3294,60.8,72,75,3.27,AU,2021-03-30 12:10:01
23,23,La Ronge,55.1001,-105.2842,6.8,78,100,10.36,CA,2021-03-30 12:12:41
24,24,Tasiilaq,65.6145,-37.6368,21.2,49,75,2.3,GL,2021-03-30 12:12:42
25,25,Pisco,-13.7,-76.2167,66.2,77,20,5.75,PE,2021-03-30 12:12:42
26,26,Nikolskoye,59.7035,30.7861,46.4,87,90,11.18,RU,2021-03-30 12:12:42
27,27,Kapaa,22.0752,-159.319,73.4,83,75,9.22,US,2021-03-30 12:12:42
28,28,Mataura,-46.1927,168.8643,54.0,94,100,1.99,NZ,2021-03-30 12:12:43
29,29,Fort Nelson,58.8053,-122.7002,6.8,92,1,3.44,CA,2021-03-30 12:12:43
30,30,Kashgar,39.4547,75.9797,59.0,9,40,17.9,CN,2021-03-30 12:12:43
31,31,Ponta do Sol,32.6667,-17.1,62.01,76,0,3.0,PT,2021-03-30 12:12:43
32,32,Klaksvík,62.2266,-6.5889999999999995,42.8,81,40,13.8,FO,2021-03-30 12:12:44
33,33,Arraial do Cabo,-22.9661,-42.0278,75.2,88,40,5.75,BR,2021-03-30 12:12:44
34,34,Hilo,19.7297,-155.09,69.8,83,90,4.61,US,2021-03-30 12:12:27
35,35,George Town,5.4112,100.3354,87.01,79,20,8.05,MY,2021-03-30 12:08:20
36,36,Albany,42.6001,-73.9662,35.01,49,1,4.36,US,2021-03-30 12:12:44
37,37,Saint George,37.1041,-113.5841,46.4,17,1,6.91,US,2021-03-30 12:11:01
38,38,Tamworth,52.63399999999999,-1.6959,66.99,52,0,6.91,GB,2021-03-30 12:12:45
39,39,Bambous Virieux,-20.3428,57.7575,77.0,94,75,5.75,MU,2021-03-30 12:12:45
40,40,Mossamedes,-15.1961,12.1522,82.4,69,75,11.5,AO,2021-03-30 12:12:45
41,41,Rikitea,-23.1203,-134.9692,77.86,75,7,15.99,PF,2021-03-30 12:12:46
42,42,Butaritari,3.0707,172.7902,81.9,78,34,23.0,KI,2021-03-30 12:12:46
43,43,Tabat,-2.635,115.2274,76.32,95,100,2.55,ID,2021-03-30 12:12:46
44,44,Yellowknife,62.456,-114.3525,-18.4,76,1,5.75,CA,2021-03-30 12:08:51
45,45,Tyler,32.3513,-95.3011,59.0,82,90,9.22,US,2021-03-30 12:12:47
46,46,Jiaojiang,28.6803,121.4428,66.99,72,100,7.0,CN,2021-03-30 12:12:47
47,47,Poum,-20.2333,164.0167,79.68,73,100,17.9,NC,2021-03-30 12:12:48
48,48,Macomer,40.262,8.7699,71.6,43,0,3.44,IT,2021-03-30 12:12:49
49,49,Kiama,-34.6833,150.8667,61.0,85,69,1.99,AU,2021-03-30 12:12:49
50,50,Bull Savanna,17.8868,-77.5902,73.13,78,1,8.34,JM,2021-03-30 12:12:49
51,51,Kathu,7.9178,98.3332,89.01,74,20,5.75,TH,2021-03-30 12:12:49
52,52,Dzerzhinskoye,56.8344,95.2283,27.72,72,92,10.07,RU,2021-03-30 12:12:50
53,53,Corrales,35.2378,-106.6067,50.0,26,54,8.79,US,2021-03-30 12:12:50
54,54,Tongliao,43.6125,122.2653,53.35,18,100,13.35,CN,2021-03-30 12:12:50
55,55,Khandyga,62.6667,135.6,15.62,92,100,3.49,RU,2021-03-30 12:12:51
56,56,Seoul,37.5683,126.9778,55.4,37,0,2.3,KR,2021-03-30 12:08:51
57,57,Castro,-24.7911,-50.0119,62.58,93,79,5.44,BR,2021-03-30 12:12:51
58,58,Mackay,-21.15,149.2,78.8,69,40,20.71,AU,2021-03-30 12:12:51
59,59,Tsaratanana,-16.7833,47.65,84.74,68,87,4.34,MG,2021-03-30 12:12:52
60,60,Qaanaaq,77.484,-69.3632,-5.39,64,95,7.7,GL,2021-03-30 12:12:52
61,61,Puerto Ayora,-0.7393,-90.3518,75.43,86,1,4.27,EC,2021-03-30 12:12:52
62,62,Gelemso,8.8167,40.5167,81.63,25,87,7.43,ET,2021-03-30 12:12:53
63,63,Panacan,9.2463,118.4082,86.0,70,40,4.61,PH,2021-03-30 12:12:53
64,64,Anito,12.4497,125.2886,77.86,90,100,2.21,PH,2021-03-30 12:12:53
65,65,Huarmey,-10.0681,-78.1522,70.03,86,100,7.58,PE,2021-03-30 12:12:53
66,66,Hobyo,5.3505,48.5268,84.87,57,8,12.41,SO,2021-03-30 12:12:54
67,67,Stann Creek Town,16.9692,-88.2321,78.8,78,20,5.75,BZ,2021-03-30 12:12:54
68,68,Hong Kong,22.2855,114.1577,79.0,84,6,3.0,HK,2021-03-30 12:10:01
69,69,Thompson,55.7435,-97.8558,1.4,60,75,24.16,CA,2021-03-30 12:12:54
70,70,Ramnagar,29.4,79.1167,94.93,9,0,3.11,IN,2021-03-30 12:12:54
71,71,Grão Mogol,-16.5594,-42.8897,80.02,46,7,2.55,BR,2021-03-30 12:12:55
72,72,Dikson,73.5069,80.5464,-20.78,95,6,7.74,RU,2021-03-30 12:12:55
73,73,Tuy Hoa,13.0833,109.3,76.3,85,81,9.66,VN,2021-03-30 12:12:55
74,74,San Patricio,28.017,-97.5169,71.6,100,90,8.05,US,2021-03-30 12:12:56
75,75,Faanui,-16.4833,-151.75,81.46,74,59,9.75,PF,2021-03-30 12:12:56
76,76,Tual,-5.6667,132.75,83.71,74,100,9.28,ID,2021-03-30 12:09:14
77,77,Ilulissat,69.2167,-51.1,26.6,54,75,17.27,GL,2021-03-30 12:12:57
78,78,Road Town,18.4167,-64.6167,80.6,78,40,14.97,VG,2021-03-30 12:10:45
79,79,Baykit,61.67,96.37,15.8,81,100,9.1,RU,2021-03-30 12:12:57
80,80,Barrow,71.2906,-156.7887,-9.4,70,1,24.16,US,2021-03-30 12:08:40
81,81,Jamestown,42.097,-79.2353,39.99,48,1,11.1,US,2021-03-30 12:12:57
82,82,Hervey Bay,-25.2986,152.8535,70.0,84,51,1.01,AU,2021-03-30 12:12:58
83,83,Iqaluit,63.7506,-68.5145,-2.2,71,75,23.02,CA,2021-03-30 12:12:58
84,84,Esperance,-33.8667,121.9,87.8,18,72,6.91,AU,2021-03-30 12:12:58
85,85,New Norfolk,-42.7826,147.0587,59.0,68,32,1.99,AU,2021-03-30 12:12:58
86,86,Saskylakh,71.9167,114.0833,-27.15,99,98,6.38,RU,2021-03-30 12:12:59
87,87,Requena,39.4883,-1.1004,70.0,57,46,16.11,ES,2021-03-30 12:12:59
88,88,Cabo San Lucas,22.8909,-109.9124,66.99,33,89,1.99,MX,2021-03-30 12:12:59
89,89,Jadu,31.953000000000003,12.0261,68.11,17,6,8.9,LY,2021-03-30 12:13:00
90,90,Pangody,65.85,74.4859,-3.08,89,53,7.61,RU,2021-03-30 12:13:00
91,91,Camacha,33.0833,-16.3333,66.2,72,40,10.36,PT,2021-03-30 12:13:00
92,92,The Pas,53.8251,-101.2541,5.0,78,90,17.27,CA,2021-03-30 12:13:01
93,93,Māngrol,21.1167,70.1167,84.33,60,80,12.75,IN,2021-03-30 12:13:01
94,94,Cherskiy,68.75,161.3,-8.39,99,68,5.73,RU,2021-03-30 12:13:01
95,95,Nizwá,22.9333,57.5333,101.44,5,6,9.62,OM,2021-03-30 12:13:02
96,96,Kimberley,-28.7323,24.7623,84.2,24,0,3.44,ZA,2021-03-30 12:13:02
97,97,Petatlán,17.5167,-101.2667,71.98,50,53,3.62,MX,2021-03-30 12:13:02
98,98,Charter Township of Clinton,42.586999999999996,-82.9199,46.99,63,4,1.99,US,2021-03-30 12:13:03
99,99,Upernavik,72.7868,-56.1549,9.73,68,100,5.48,GL,2021-03-30 12:13:03
100,100,Mar del Plata,-38.0023,-57.5575,61.0,94,40,2.3,AR,2021-03-30 12:08:47
101,101,Hasaki,35.7333,140.8333,60.8,88,75,6.91,JP,2021-03-30 12:13:03
102,102,Straumen,63.8709,11.2999,46.4,57,40,26.46,NO,2021-03-30 12:13:04
103,103,Port Alfred,-33.5906,26.891,81.37,58,14,19.82,ZA,2021-03-30 12:13:04
104,104,Punta Alta,-38.8759,-62.0736,63.34,40,0,6.31,AR,2021-03-30 12:13:04
105,105,Portland,45.5234,-122.6762,34.0,74,1,0.63,US,2021-03-30 12:08:10
106,106,Lompoc,34.6391,-120.4579,46.4,93,11,6.46,US,2021-03-30 12:13:04
107,107,Río Gallegos,-51.6226,-69.2181,55.4,76,90,16.11,AR,2021-03-30 12:13:05
108,108,Kidal,18.4411,1.4078,90.32,5,0,14.79,ML,2021-03-30 12:13:05
109,109,Prescott,34.54,-112.4685,48.0,39,1,9.22,US,2021-03-30 12:11:47
110,110,Burns Lake,54.2331,-125.7533,19.4,93,95,1.14,CA,2021-03-30 12:13:05
111,111,Gunjur,13.2019,-16.7339,77.0,65,0,9.22,GM,2021-03-30 12:13:06
112,112,San Quintín,30.4833,-115.95,55.42,90,16,7.47,MX,2021-03-30 12:13:06
113,113,Amuntai,-2.4177,115.2494,76.19,96,100,2.75,ID,2021-03-30 12:13:06
114,114,Lavrentiya,65.5833,-171.0,3.04,84,100,8.39,RU,2021-03-30 12:13:07
115,115,Canary Islands,28.0,-15.5,70.0,68,40,6.91,ES,2021-03-30 12:13:07
116,116,Alofi,-19.0595,-169.9187,78.8,89,40,4.61,NU,2021-03-30 12:13:07
117,117,Baculin,7.4525,126.5842,78.22,90,96,7.16,PH,2021-03-30 12:13:07
118,118,Lokoja,7.8024,6.742999999999999,103.91,22,54,3.4,NG,2021-03-30 12:13:08
119,119,Rome,43.2128,-75.4557,35.01,64,1,4.61,US,2021-03-30 12:10:04
120,120,Fare,-16.7,-151.0167,81.19,75,46,9.33,PF,2021-03-30 12:13:08
121,121,Magadan,59.5667,150.8,20.32,89,100,27.09,RU,2021-03-30 12:13:08
122,122,Torbay,47.6666,-52.7314,32.0,80,75,23.02,CA,2021-03-30 12:13:08
123,123,Leningradskiy,69.3833,178.4167,-0.71,88,100,17.18,RU,2021-03-30 12:13:09
124,124,Souillac,-20.5167,57.5167,77.0,94,75,5.75,MU,2021-03-30 12:13:09
125,125,Tuktoyaktuk,69.4541,-133.0374,-15.74,97,56,13.33,CA,2021-03-30 12:13:09
126,126,Mahébourg,-20.4081,57.7,77.0,94,75,5.75,MU,2021-03-30 12:13:10
127,127,Westlock,54.1502,-113.8688,12.2,79,72,4.61,CA,2021-03-30 12:13:10
128,128,Lālmohan,22.3384,90.7419,81.09,83,52,21.43,BD,2021-03-30 12:13:10
129,129,Prince George,53.9166,-122.75299999999999,26.6,68,1,9.22,CA,2021-03-30 12:11:59
130,130,Palekastro,35.2,26.25,63.0,37,83,28.41,GR,2021-03-30 12:13:11
131,131,Popova,42.9603,131.7228,44.6,49,53,6.71,RU,2021-03-30 12:12:11
132,132,Tonekābon,36.8163,50.8738,55.4,76,75,6.91,IR,2021-03-30 12:13:11
133,133,Santa Rosa,14.3122,121.1114,86.0,70,20,6.91,PH,2021-03-30 12:13:11
134,134,São Gabriel da Cachoeira,-0.1303,-67.0892,72.97,99,100,2.84,BR,2021-03-30 12:13:11
135,135,Dalvik,65.9702,-18.5286,28.4,64,75,13.8,IS,2021-03-30 12:13:12
136,136,Petropavlovsk-Kamchatskiy,53.0452,158.6483,32.0,100,90,6.71,RU,2021-03-30 12:13:12
137,137,Hofn,64.2539,-15.2082,32.63,49,14,4.09,IS,2021-03-30 12:13:12
138,138,Saldanha,-33.0117,17.9442,73.4,71,0,11.5,ZA,2021-03-30 12:13:13
139,139,Severo-Kuril'sk,50.6789,156.125,35.44,96,96,8.32,RU,2021-03-30 12:13:13
140,140,Cape Town,-33.9258,18.4232,75.0,60,0,12.66,ZA,2021-03-30 12:11:46
141,141,East London,-33.0153,27.9116,78.8,65,0,17.27,ZA,2021-03-30 12:08:13
142,142,Donegal,54.65,-8.1167,57.2,67,90,19.57,IE,2021-03-30 12:13:13
143,143,Provideniya,64.3833,-173.3,6.44,91,100,8.46,RU,2021-03-30 12:13:14
144,144,Saint-Philippe,-21.3585,55.7679,84.2,74,75,11.5,RE,2021-03-30 12:13:14
145,145,Västerås,59.6162,16.5528,55.4,67,75,14.97,SE,2021-03-30 12:13:14
146,146,Sept-Îles,50.2001,-66.3821,18.0,48,20,5.75,CA,2021-03-30 12:13:14
147,147,Katobu,-4.9408,122.5276,76.89,88,96,2.93,ID,2021-03-30 12:13:15
148,148,Salcedo,12.8105,121.4674,78.6,83,100,4.18,PH,2021-03-30 12:13:15
149,149,Qaqortoq,60.7167,-46.0333,39.2,45,75,17.27,GL,2021-03-30 12:13:15
150,150,Avarua,-21.2078,-159.775,80.6,83,40,6.91,CK,2021-03-30 12:13:16
151,151,Coyhaique,-45.5752,-72.0662,53.6,94,20,4.61,CL,2021-03-30 12:13:16
152,152,Hithadhoo,-0.6,73.0833,84.31,76,96,20.22,MV,2021-03-30 12:13:16
153,153,Zhigansk,66.7697,123.3711,21.47,93,100,9.42,RU,2021-03-30 12:13:17
154,154,Onega,63.9061,38.1404,39.13,81,100,12.1,RU,2021-03-30 12:13:17
155,155,Tolaga Bay,-38.3667,178.3,61.75,86,100,6.06,NZ,2021-03-30 12:13:17
156,156,Khasan,42.4308,130.6434,44.71,67,12,4.99,RU,2021-03-30 12:13:18
157,157,Broome,42.2506,-75.833,36.0,64,1,6.91,US,2021-03-30 12:13:18
158,158,Rio Grande,-32.035,-52.0986,68.0,88,75,6.91,BR,2021-03-30 12:10:19
159,159,Formiga,-20.4644,-45.4264,73.29,77,15,0.78,BR,2021-03-30 12:13:18
160,160,Khatanga,71.9667,102.5,-22.47,95,18,11.12,RU,2021-03-30 12:13:18
161,161,Erenhot,43.6475,111.9767,53.92,25,24,12.57,CN,2021-03-30 12:13:19
162,162,Ateptsevo,55.3236,36.75,44.6,42,0,13.42,RU,2021-03-30 12:13:19
163,163,Palmer,42.1584,-72.3287,34.0,85,1,2.68,US,2021-03-30 12:13:19
164,164,Fairbanks,64.8378,-147.7164,26.6,80,90,3.44,US,2021-03-30 12:12:27
165,165,Sciacca,37.5082,13.0881,64.0,64,17,11.99,IT,2021-03-30 12:13:20
166,166,Salalah,17.0151,54.0924,87.8,58,0,9.22,OM,2021-03-30 12:13:20
167,167,Adilabad,19.6667,78.5333,103.33,7,36,14.27,IN,2021-03-30 12:13:20
168,168,Aljezur,37.3191,-8.8033,71.62,50,93,11.59,PT,2021-03-30 12:13:21
169,169,Yulara,-25.2406,130.9889,77.0,25,0,9.22,AU,2021-03-30 12:13:21
170,170,San Javier,37.8063,-0.8374,66.99,63,0,20.71,ES,2021-03-30 12:13:21
171,171,Touros,-5.1989,-35.4608,80.6,89,75,3.44,BR,2021-03-30 12:13:21
172,172,La Fria,8.2203,-72.2439,75.2,100,75,4.61,VE,2021-03-30 12:13:22
173,173,Waoundé,15.2637,-12.8682,98.6,19,0,6.91,SN,2021-03-30 12:13:22
174,174,Bredasdorp,-34.5322,20.0403,80.6,41,0,17.27,ZA,2021-03-30 12:13:22
175,175,Puerto Ayacucho,5.6639,-67.6236,78.58,73,95,3.6,VE,2021-03-30 12:13:23
176,176,Chkalovsk,56.7647,43.2433,44.6,33,0,13.42,RU,2021-03-30 12:13:23
177,177,Labuhan,-6.8844,112.2051,81.86,75,49,4.54,ID,2021-03-30 12:13:23
178,178,Taoudenni,22.6783,-3.9836,95.83,4,55,12.48,ML,2021-03-30 12:13:23
179,179,Rocha,-34.4833,-54.3333,66.24,79,22,10.11,UY,2021-03-30 12:13:24
180,180,Barcelos,41.5388,-8.6151,68.0,52,0,10.36,PT,2021-03-30 12:09:01
181,181,Lakhipur,26.0299,90.3041,83.1,34,12,16.33,IN,2021-03-30 12:13:24
182,182,Pevek,69.7008,170.3133,-7.64,99,100,6.67,RU,2021-03-30 12:13:24
183,183,Lebu,-37.6167,-73.65,56.14,88,76,7.92,CL,2021-03-30 12:13:25
184,184,Inta,66.0317,60.1659,34.2,100,100,12.12,RU,2021-03-30 12:13:25
185,185,Taubaté,-23.0264,-45.5553,73.4,94,40,2.3,BR,2021-03-30 12:13:25
186,186,Katsuura,35.1333,140.3,62.6,88,75,8.05,JP,2021-03-30 12:09:14
187,187,Kiruna,67.8557,20.2251,39.2,70,75,10.36,SE,2021-03-30 12:13:26
188,188,San Rafael,-34.6177,-68.3301,63.95,39,0,4.54,AR,2021-03-30 12:13:26
189,189,Shima,24.4478,117.8111,78.8,78,0,6.71,CN,2021-03-30 12:13:26
190,190,Nouadhibou,20.930999999999997,-17.0347,69.8,68,0,18.41,MR,2021-03-30 12:13:27
191,191,Miranda,3.2499,-76.2281,71.6,83,75,4.61,CO,2021-03-30 12:13:27
192,192,Kerrville,30.0474,-99.1403,59.0,94,90,6.91,US,2021-03-30 12:11:27
193,193,Vila Velha,-20.3297,-40.2925,84.2,61,0,11.5,BR,2021-03-30 12:11:09
194,194,Altamira,-3.2033,-52.2064,77.0,88,90,6.91,BR,2021-03-30 12:13:27
195,195,Ulaangom,49.9811,92.0667,29.75,65,16,5.73,MN,2021-03-30 12:12:17
196,196,Charleston,32.7766,-79.9309,55.99,71,75,9.22,US,2021-03-30 12:08:36
197,197,Nyurba,63.2842,118.3319,16.05,95,62,4.25,RU,2021-03-30 12:13:28
198,198,Chapais,49.7834,-74.8492,19.4,79,90,13.8,CA,2021-03-30 12:13:28
199,199,Reporoa,-38.4333,176.35,68.0,91,100,1.01,NZ,2021-03-30 12:13:28
200,200,Nambiyūr,11.3667,77.3333,98.6,26,20,11.5,IN,2021-03-30 12:13:29
201,201,Salamanca,40.8333,-6.0,68.0,34,0,9.22,ES,2021-03-30 12:13:29
202,202,Ponta Delgada,37.7333,-25.6667,59.0,88,20,11.5,PT,2021-03-30 12:13:29
203,203,São João da Barra,-21.6403,-41.0511,77.0,78,75,8.05,BR,2021-03-30 12:09:40
204,204,Lamu,-2.2717,40.902,91.4,58,40,14.97,KE,2021-03-30 12:13:30
205,205,Kandrian,-6.2167,149.55,78.87,86,71,5.48,PG,2021-03-30 12:13:30
206,206,Narsaq,60.9167,-46.05,39.2,45,75,17.27,GL,2021-03-30 12:13:30
207,207,Shingū,33.7333,135.9833,59.13,88,100,3.83,JP,2021-03-30 12:13:30
208,208,Ancud,-41.8697,-73.8203,57.99,91,9,8.01,CL,2021-03-30 12:13:31
209,209,Mocajuba,-2.5842,-49.5072,79.34,83,98,2.8,BR,2021-03-30 12:13:31
210,210,Ribeira Grande,38.5167,-28.7,57.2,82,75,11.5,PT,2021-03-30 12:13:31
211,211,Norman Wells,65.282,-126.8329,5.0,56,75,6.91,CA,2021-03-30 12:13:32
212,212,Semey,50.4111,80.2275,33.8,64,0,4.47,KZ,2021-03-30 12:13:32
213,213,Smirnykh,49.75,142.8333,33.46,98,100,4.36,RU,2021-03-30 12:13:32
214,214,Karaton,-6.3424,106.1045,82.99,78,40,5.75,ID,2021-03-30 12:13:33
215,215,Quthing,-30.4,27.7003,73.31,30,0,7.85,LS,2021-03-30 12:13:33
216,216,Rudnichnyy,59.617,52.4703,36.84,85,33,10.36,RU,2021-03-30 12:13:33
217,217,Oodweyne,9.4092,45.06399999999999,91.15,16,30,6.64,SO,2021-03-30 12:13:34
218,218,Navashino,55.5292,42.2003,36.23,87,59,12.84,RU,2021-03-30 12:13:34
219,219,Kruisfontein,-34.0033,24.7314,83.97,29,66,12.1,ZA,2021-03-30 12:13:34
220,220,Pāsighāt,28.0667,95.3333,73.89,50,98,5.53,IN,2021-03-30 12:13:34
221,221,Te Anau,-45.4167,167.7167,54.54,88,100,1.03,NZ,2021-03-30 12:13:35
222,222,Ken Caryl,39.5773,-105.1169,27.0,91,99,5.39,US,2021-03-30 12:13:35
223,223,Clyde River,70.4692,-68.5914,-4.0,84,90,33.38,CA,2021-03-30 12:13:35
224,224,Gorin,51.1983,136.6669,27.19,90,100,5.26,RU,2021-03-30 12:13:36
225,225,Taltal,-25.4,-70.4833,64.38,76,19,1.83,CL,2021-03-30 12:13:36
226,226,Porto-Novo,6.4965,2.6036,87.8,70,40,10.36,BJ,2021-03-30 12:13:36
227,227,Campbell River,50.0163,-125.2446,35.01,76,13,1.01,CA,2021-03-30 12:13:37
228,228,Roald,62.5833,6.1333,43.0,93,75,11.5,NO,2021-03-30 12:13:37
229,229,Qui Nhon,13.7667,109.2333,77.72,88,97,12.77,VN,2021-03-30 12:13:37
230,230,Katherine,-14.4667,132.2667,80.6,57,40,5.75,AU,2021-03-30 12:13:37
231,231,Almaznyy,48.0448,40.045,39.2,87,75,22.37,RU,2021-03-30 12:13:38
232,232,Watertown,42.3709,-71.1828,39.0,69,1,3.85,US,2021-03-30 12:13:38
233,233,Ayan,56.45,138.1667,24.85,89,100,7.94,RU,2021-03-30 12:13:38
234,234,Saquarema,-22.92,-42.5103,75.2,88,40,5.75,BR,2021-03-30 12:13:39
235,235,Karasjok,69.4719,25.5112,35.6,87,75,6.91,NO,2021-03-30 12:13:39
236,236,Kambove,-10.8764,26.5969,68.88,82,91,6.6,CD,2021-03-30 12:13:39
237,237,Bengkulu,-3.8004,102.2655,78.87,79,94,1.81,ID,2021-03-30 12:09:00
238,238,Chokurdakh,70.6333,147.9167,-9.29,98,77,4.29,RU,2021-03-30 12:13:39
239,239,Hakui,36.8833,136.7833,54.0,31,100,4.23,JP,2021-03-30 12:13:40
240,240,Kitimat,54.0524,-128.6534,37.99,88,100,1.99,CA,2021-03-30 12:13:40
241,241,Lagoa,39.05,-27.9833,57.07,81,100,18.99,PT,2021-03-30 12:13:40
242,242,Valtice,48.7407,16.755,73.0,28,38,1.99,CZ,2021-03-30 12:13:40
243,243,Yamada,39.4667,141.95,50.47,69,100,4.18,JP,2021-03-30 12:13:41
244,244,Saint Paul Harbor,57.79,-152.4072,33.8,86,1,5.75,US,2021-03-30 12:13:41
245,245,Sinnamary,5.3833,-52.95,78.82,84,99,14.27,GF,2021-03-30 12:13:41
246,246,Auki,-8.7676,160.7034,78.06,87,98,4.7,SB,2021-03-30 12:13:42
247,247,Yuanping,38.7153,112.7575,61.39,45,85,3.11,CN,2021-03-30 12:13:42
248,248,Kribi,2.95,9.9167,81.84,76,59,8.39,CM,2021-03-30 12:13:42
249,249,Ambilobe,-13.2,49.05,83.84,76,100,4.21,MG,2021-03-30 12:13:43
250,250,Kachīry,53.0675,76.1036,25.77,90,100,7.83,KZ,2021-03-30 12:13:43
251,251,El Sauzal de Rodríguez,31.9,-116.6833,53.01,89,12,1.01,MX,2021-03-30 12:13:43
252,252,Bethel,41.3712,-73.414,36.0,69,1,1.66,US,2021-03-30 12:13:43
253,253,Yilan,24.756999999999998,121.75299999999999,77.0,99,100,0.18,TW,2021-03-30 12:13:44
254,254,Kimbe,-5.5502,150.1429,77.5,90,56,3.24,PG,2021-03-30 12:10:07
255,255,Matagami,49.7502,-77.6328,28.4,86,90,17.27,CA,2021-03-30 12:13:44
256,256,Ritchie,-29.038,24.6028,84.2,24,0,3.44,ZA,2021-03-30 12:13:44
257,257,Corinth,37.9407,22.9573,59.0,52,83,5.99,GR,2021-03-30 12:13:45
258,258,Anadyr,64.75,177.4833,-4.0,84,24,6.71,RU,2021-03-30 12:13:45
259,259,Troitsko-Pechorsk,62.7084,56.1964,37.6,75,74,11.14,RU,2021-03-30 12:13:45
260,260,Alekseyevsk,57.8406,108.3492,32.52,90,100,9.4,RU,2021-03-30 12:13:45
261,261,Coquimbo,-29.9533,-71.3436,53.6,87,0,1.14,CL,2021-03-30 12:13:46
262,262,Carutapera,-1.195,-46.02,79.56,90,100,7.29,BR,2021-03-30 12:13:46
263,263,Riyadh,24.6877,46.7219,84.2,8,0,4.61,SA,2021-03-30 12:11:19
264,264,Verkhoyansk,67.5447,133.385,-2.87,99,66,1.19,RU,2021-03-30 12:13:46
265,265,Geraldton,-28.7667,114.6,75.2,78,94,9.22,AU,2021-03-30 12:13:47
266,266,Sitka,57.0531,-135.33,39.2,100,90,9.22,US,2021-03-30 12:13:47
267,267,Chumikan,54.7183,135.315,27.82,98,100,3.67,RU,2021-03-30 12:12:13
268,268,Härnösand,62.6323,17.9379,50.0,40,0,16.11,SE,2021-03-30 12:13:47
269,269,Sobolevo,54.4299,31.8996,45.63,74,100,15.59,RU,2021-03-30 12:13:48
270,270,Province of Mantua,45.1667,10.7833,73.0,48,16,3.0,IT,2021-03-30 12:10:03
271,271,Zeya,53.75,127.2667,24.1,91,49,4.56,RU,2021-03-30 12:13:48
272,272,Yangi Marg`ilon,40.4272,71.7189,55.4,30,29,11.5,UZ,2021-03-30 12:13:48
273,273,São Filipe,14.8961,-24.4956,69.28,76,58,9.42,CV,2021-03-30 12:13:48
274,274,Berlevåg,70.8578,29.0864,35.6,87,75,3.44,NO,2021-03-30 12:13:49
275,275,Aguadilla,18.4275,-67.1541,77.0,83,1,12.66,PR,2021-03-30 12:13:49
276,276,Longyearbyen,78.2186,15.6401,24.8,74,75,14.97,SJ,2021-03-30 12:09:08
277,277,Carnarvon,-24.8667,113.6333,84.2,74,9,13.8,AU,2021-03-30 12:13:49
278,278,Murupara,-38.4667,176.7,66.99,98,100,2.86,NZ,2021-03-30 12:13:50
279,279,Chui,-33.6971,-53.4616,67.64,76,35,12.75,UY,2021-03-30 12:13:50
280,280,Tiarei,-17.5333,-149.3333,78.8,78,0,4.61,PF,2021-03-30 12:13:50
281,281,Altus,34.6381,-99.334,55.4,54,1,8.05,US,2021-03-30 12:13:51
282,282,Tabory,58.5198,64.5495,35.69,82,87,7.27,RU,2021-03-30 12:13:51
283,283,Leshukonskoye,64.8989,45.7622,34.43,96,100,14.9,RU,2021-03-30 12:13:51
284,284,Avera,33.194,-82.5271,50.0,93,75,4.61,US,2021-03-30 12:13:52
285,285,Mount Gambier,-37.8333,140.7667,53.6,94,47,3.42,AU,2021-03-30 12:13:52
286,286,Esim,4.8699,-2.2405,85.41,67,51,9.01,GH,2021-03-30 12:13:52
287,287,Husavik,66.0449,-17.3389,28.4,64,75,13.8,IS,2021-03-30 12:13:53
288,288,Kavieng,-2.5744,150.7967,82.24,77,94,8.88,PG,2021-03-30 12:13:53
289,289,Magdeburg,52.1667,11.6667,71.01,35,7,7.0,DE,2021-03-30 12:13:31
290,290,Korla,41.7597,86.1469,42.71,84,100,16.6,CN,2021-03-30 12:13:53
291,291,Dicabisagan,17.0818,122.4157,78.3,84,7,4.68,PH,2021-03-30 12:13:53
292,292,Nantucket,41.2835,-70.0995,41.0,100,1,4.18,US,2021-03-30 12:09:19
293,293,Dunedin,-45.8742,170.5036,55.99,88,100,1.99,NZ,2021-03-30 12:13:54
294,294,Lingao,19.9103,109.6859,79.2,70,68,7.09,CN,2021-03-30 12:13:54
295,295,Vila,42.0304,-8.1588,70.0,72,0,5.75,PT,2021-03-30 12:13:54
296,296,Martaban,16.5314,97.6111,83.66,58,96,12.17,MM,2021-03-30 12:13:55
297,297,Cayenne,4.9333,-52.3333,82.4,78,75,12.66,GF,2021-03-30 12:13:55
298,298,Bathsheba,13.2167,-59.5167,77.0,65,40,23.02,BB,2021-03-30 12:13:55
299,299,Colac,-38.3333,143.5833,54.0,98,16,2.66,AU,2021-03-30 12:13:56
300,300,Kununurra,-15.7667,128.7333,78.8,65,21,4.61,AU,2021-03-30 12:11:54
301,301,Presidente Médici,-11.1753,-61.9014,74.34,95,87,2.24,BR,2021-03-30 12:13:56
302,302,Mildura,-34.2,142.15,66.99,37,72,4.61,AU,2021-03-30 12:13:56
303,303,Yabēlo,4.8833,38.0833,75.34,33,96,15.12,ET,2021-03-30 12:13:56
304,304,Nur-Sultan,51.1801,71.446,26.6,80,75,4.47,KZ,2021-03-30 12:13:57
305,305,Alice Springs,-23.7,133.8833,71.6,37,0,9.22,AU,2021-03-30 12:12:27
306,306,Chenghai,23.4632,116.76799999999999,82.4,65,0,13.42,CN,2021-03-30 12:13:57
307,307,Paka,4.6374,103.4368,80.73,82,79,3.51,MY,2021-03-30 12:13:57
308,308,Lewisburg,35.4492,-86.7889,48.2,100,1,7.2,US,2021-03-30 12:13:58
309,309,Teknāf,20.8624,92.3058,80.47,83,26,9.44,BD,2021-03-30 12:13:58
310,310,Turukhansk,65.8167,87.9833,-0.99,93,100,6.06,RU,2021-03-30 12:13:58
311,311,Utete,-7.986000000000001,38.758,83.39,77,58,4.0,TZ,2021-03-30 12:13:59
312,312,Xixiang,35.1628,112.865,60.12,49,96,5.75,CN,2021-03-30 12:13:59
313,313,Nanortalik,60.1432,-45.2371,33.71,91,100,43.53,GL,2021-03-30 12:13:59
314,314,Buluang,13.3068,123.3425,77.58,84,100,2.51,PH,2021-03-30 12:13:59
315,315,Nurota,40.5614,65.6886,55.4,38,6,6.91,UZ,2021-03-30 12:14:00
316,316,Airai,-8.9266,125.4092,59.49,98,100,4.03,TL,2021-03-30 12:14:00
317,317,Qeshm,26.9581,56.2719,91.4,43,8,13.8,IR,2021-03-30 12:13:05
318,318,Voykovo,45.3826,36.4372,44.08,86,94,18.05,UA,2021-03-30 12:14:00
319,319,Paamiut,61.994,-49.6678,35.69,70,100,57.8,GL,2021-03-30 12:14:01
320,320,Peniche,39.3558,-9.3811,69.01,60,91,17.0,PT,2021-03-30 12:14:01
321,321,Baker City,44.7749,-117.8344,26.6,68,1,6.91,US,2021-03-30 12:10:43
322,322,Naze,28.3667,129.4833,66.67,94,100,6.58,JP,2021-03-30 12:14:01
323,323,Mehamn,71.0357,27.8492,33.8,93,75,17.27,NO,2021-03-30 12:14:02
324,324,Cairns,-16.9167,145.7667,78.8,73,75,12.66,AU,2021-03-30 12:10:27
325,325,Banjar,-8.19,114.9675,82.4,89,40,8.05,ID,2021-03-30 12:14:02
326,326,Payo,-3.7508,103.6372,75.45,95,91,2.57,ID,2021-03-30 12:14:02
327,327,Cartagena,10.3997,-75.5144,78.8,89,20,2.3,CO,2021-03-30 12:13:06
328,328,Vardø,70.3705,31.1107,35.6,93,75,11.5,NO,2021-03-30 12:14:03
329,329,Margate,51.3813,1.3862,64.4,52,0,6.91,GB,2021-03-30 12:14:03
330,330,Sioux Lookout,50.1001,-91.917,28.4,59,75,21.85,CA,2021-03-30 12:14:03
331,331,Turmalina,-17.2856,-42.73,79.52,54,6,2.04,BR,2021-03-30 12:14:04
332,332,Olinda,-8.0089,-34.8553,80.6,78,75,9.22,BR,2021-03-30 12:13:37
333,333,Shache,38.4167,77.2406,61.36,8,99,2.77,CN,2021-03-30 12:14:04
334,334,Harper,4.375,-7.7169,85.86,66,40,6.17,LR,2021-03-30 12:09:17
335,335,Malye Derbety,47.9547,44.6808,43.25,62,96,11.79,RU,2021-03-30 12:14:04
336,336,Talalayivka,50.9578,31.9209,49.55,38,20,5.37,UA,2021-03-30 12:14:04
337,337,Grindavik,63.8424,-22.4338,35.6,55,0,19.57,IS,2021-03-30 12:14:05
338,338,Tsimmerbude,54.675,20.1347,53.6,87,90,17.9,RU,2021-03-30 12:14:05
339,339,Kiryat Gat,31.61,34.7642,63.0,42,30,14.09,IL,2021-03-30 12:14:05
340,340,Los Llanos de Aridane,28.6585,-17.9182,69.8,73,40,4.61,ES,2021-03-30 12:14:06
341,341,Gladstone,-23.85,151.25,75.2,60,1,11.5,AU,2021-03-30 12:14:06
342,342,Tottori-shi,35.5,134.2333,53.6,71,20,3.44,JP,2021-03-30 12:11:20
343,343,Buraidah,26.326,43.975,82.4,20,0,9.22,SA,2021-03-30 12:14:06
344,344,Dhidhdhoo,6.8833,73.1,84.42,68,33,7.63,MV,2021-03-30 12:14:07
345,345,Constitución,-35.3333,-72.4167,54.23,82,12,3.02,CL,2021-03-30 12:14:07
346,346,Killybegs,54.6333,-8.45,57.2,76,75,6.91,IE,2021-03-30 12:14:07
347,347,San Jerónimo,-11.9472,-75.2829,48.45,82,99,1.9,PE,2021-03-30 12:14:07
348,348,Skjervøy,70.0311,20.9714,37.4,81,75,5.75,NO,2021-03-30 12:14:08
349,349,Natal,-5.795,-35.2094,80.6,83,40,5.75,BR,2021-03-30 12:14:08
350,350,Hamilton,39.1834,-84.5333,48.0,49,1,11.5,US,2021-03-30 12:12:21
351,351,Kamenka,51.3223,42.7678,37.0,84,94,6.82,RU,2021-03-30 12:14:09
352,352,Tiznit Province,29.5833,-9.5,80.62,15,0,17.6,MA,2021-03-30 12:14:09
353,353,Pacific Grove,36.6177,-121.9166,46.4,76,1,9.28,US,2021-03-30 12:14:09
354,354,Meulaboh,4.1363,96.1285,78.4,81,100,3.47,ID,2021-03-30 12:14:09
355,355,Bāfq,31.6128,55.4107,73.92,9,0,8.39,IR,2021-03-30 12:14:10
356,356,Lázaro Cárdenas,17.9583,-102.2,71.31,71,68,4.05,MX,2021-03-30 12:14:10
357,357,Dudinka,69.4058,86.1778,-11.06,87,61,18.12,RU,2021-03-30 12:14:11
358,358,Phuket,8.0,98.25,89.01,74,20,5.75,TH,2021-03-30 12:11:43
359,359,Heinola,61.2056,26.0381,44.6,81,75,11.5,FI,2021-03-30 12:14:11
360,360,Bacolod City,10.6667,122.95,80.46,77,84,7.61,PH,2021-03-30 12:09:53
361,361,General Delgado,-27.1667,-56.5167,68.0,77,0,6.91,PY,2021-03-30 12:14:11
362,362,Amapá,1.0,-52.0,74.07,94,100,3.96,BR,2021-03-30 12:14:12
363,363,Padang,-0.9492,100.3543,80.6,83,75,4.61,ID,2021-03-30 12:14:12
364,364,Mukhen,48.1,136.1,34.14,98,100,5.86,RU,2021-03-30 12:14:12
365,365,Sambava,-14.2667,50.1667,84.76,68,75,7.83,MG,2021-03-30 12:14:13
366,366,Dawson Creek,55.7666,-120.2362,12.2,79,1,2.71,CA,2021-03-30 12:14:13
367,367,Carballo,43.213,-8.691,70.0,56,0,2.3,ES,2021-03-30 12:14:13
368,368,Sanmenxia,34.7747,111.1814,62.58,49,100,15.77,CN,2021-03-30 12:14:13
369,369,Kutum,14.2,24.6667,82.76,9,0,9.89,SD,2021-03-30 12:14:14
370,370,Srednekolymsk,67.45,153.6833,-8.23,99,9,4.25,RU,2021-03-30 12:12:14
371,371,Shinjō,38.7586,140.3008,53.6,62,75,5.75,JP,2021-03-30 12:14:14
372,372,Puerto Varas,-41.3195,-72.9854,53.6,94,90,5.75,CL,2021-03-30 12:14:14
373,373,Yatou,37.15,122.3833,46.44,42,2,5.39,CN,2021-03-30 12:14:14
374,374,Boa Vista,2.8197,-60.6733,78.8,83,90,8.05,BR,2021-03-30 12:14:15
375,375,Nyuksenitsa,60.4128,44.2397,36.48,93,100,17.69,RU,2021-03-30 12:14:15
376,376,Aklavik,68.2191,-135.0107,-0.4,85,100,8.05,CA,2021-03-30 12:14:15
377,377,Kananga,-5.8958,22.4178,85.24,52,69,0.67,CD,2021-03-30 12:14:16
378,378,Tallahassee,30.4383,-84.2807,62.6,94,90,12.66,US,2021-03-30 12:13:05
379,379,Kayunga,0.7025,32.8886,79.03,61,87,4.07,UG,2021-03-30 12:14:16
380,380,Chadan,51.2833,91.5833,35.04,33,82,10.76,RU,2021-03-30 12:14:16
381,381,Partizanskoye,55.5006,94.39,25.27,75,76,10.45,RU,2021-03-30 12:14:17
382,382,Pangnirtung,66.1451,-65.7125,-2.2,84,75,14.97,CA,2021-03-30 12:14:17
383,383,Golyshmanovo,56.3979,68.3728,26.26,83,30,8.9,RU,2021-03-30 12:14:17
384,384,Itarema,-2.9248,-39.9167,81.91,77,74,6.71,BR,2021-03-30 12:14:18
385,385,Atambua,-9.1061,124.8925,71.8,92,100,6.58,ID,2021-03-30 12:14:18
386,386,Aksha,50.2814,113.2867,38.5,64,36,2.62,RU,2021-03-30 12:14:18
387,387,Palpa,-14.5336,-75.1856,72.88,70,86,1.57,PE,2021-03-30 12:14:19
388,388,Namatanai,-3.6667,152.4333,80.58,78,100,6.67,PG,2021-03-30 12:14:19
389,389,Santo Amaro da Imperatriz,-27.6881,-48.7786,75.99,78,40,3.44,BR,2021-03-30 12:14:19
390,390,Shirokiy,49.758,129.523,34.25,83,56,5.88,RU,2021-03-30 12:14:20
391,391,Batagay,67.6333,134.6333,-2.43,99,42,2.48,RU,2021-03-30 12:14:20
392,392,Sørland,67.667,12.6934,39.2,93,75,9.22,NO,2021-03-30 12:14:20
393,393,Dryden,49.7833,-92.7503,26.6,63,90,29.93,CA,2021-03-30 12:14:20
394,394,Rincon,32.296,-81.2354,62.01,88,75,5.75,US,2021-03-30 12:14:21
395,395,Cabot,34.9745,-92.0165,52.0,67,12,5.95,US,2021-03-30 12:14:21
396,396,Grand Gaube,-20.0064,57.6608,77.0,94,75,5.75,MU,2021-03-30 12:14:21
397,397,Nakhon Sawan,15.7,100.0833,96.01,40,89,10.51,TH,2021-03-30 12:14:22
398,398,Praia,14.9215,-23.5087,77.0,53,20,18.41,CV,2021-03-30 12:11:12
399,399,Vostok,46.4856,135.8833,31.1,98,100,4.25,RU,2021-03-30 12:14:22
400,400,Amalāpuram,16.5833,82.0167,93.2,49,13,10.36,IN,2021-03-30 12:14:22
401,401,Xinqing,48.2333,129.5,29.12,90,39,2.26,CN,2021-03-30 12:11:05
402,402,College,64.8569,-147.8028,26.6,80,90,3.44,US,2021-03-30 12:14:23
403,403,Bandarbeyla,9.4942,50.8122,84.56,42,100,10.11,SO,2021-03-30 12:14:23
404,404,Northam,51.0333,-4.2167,57.99,34,79,1.01,GB,2021-03-30 12:14:23
405,405,Atar,20.5169,-13.0499,94.26,12,36,4.21,MR,2021-03-30 12:14:24
406,406,Grasse,43.6667,6.9167,70.0,52,0,5.75,FR,2021-03-30 12:11:32
407,407,Kushmurun,52.4503,64.6311,25.36,88,27,5.57,KZ,2021-03-30 12:14:24
408,408,Dingle,10.9995,122.6711,78.3,84,98,5.91,PH,2021-03-30 12:14:24
409,409,Jardim,-21.4803,-56.1381,75.04,69,6,5.32,BR,2021-03-30 12:14:24
410,410,Beringovskiy,63.05,179.3167,-0.4,79,62,12.97,RU,2021-03-30 12:12:15
411,411,Tamandaré,-8.7597,-35.1047,81.7,76,74,6.49,BR,2021-03-30 12:14:25
412,412,Hualmay,-11.0964,-77.6139,69.03,87,99,8.88,PE,2021-03-30 12:14:25
413,413,Ovalle,-30.5983,-71.2003,61.63,77,0,1.12,CL,2021-03-30 12:14:25
414,414,Karratha,-20.7377,116.8463,87.58,56,0,8.01,AU,2021-03-30 12:14:26
415,415,Tura,25.5198,90.2201,81.84,36,1,0.36,IN,2021-03-30 12:14:26
416,416,Coatepec Harinas,18.8949,-99.7215,41.0,87,40,3.69,MX,2021-03-30 12:14:26
417,417,Kismayo,-0.3582,42.5454,85.41,59,4,10.69,SO,2021-03-30 12:10:13
418,418,Goderich,43.7501,-81.7165,44.6,49,21,16.11,CA,2021-03-30 12:14:27
419,419,Karlovac,45.4872,15.5478,70.0,35,89,3.0,HR,2021-03-30 12:14:27
420,420,Calamar,10.2511,-74.9146,78.8,89,20,2.3,CO,2021-03-30 12:14:27
421,421,Port Blair,11.6667,92.75,81.39,70,72,7.72,IN,2021-03-30 12:14:27
422,422,Bāsār,27.9833,94.6667,64.69,57,84,2.73,IN,2021-03-30 12:14:28
423,423,Nizhnevartovsk,60.9344,76.5531,21.2,86,90,6.71,RU,2021-03-30 12:14:28
424,424,Caucayá,-0.1934,-74.7819,71.56,98,100,1.23,CO,2021-03-30 12:14:28
425,425,Lyuban',52.7985,28.0048,43.61,77,100,11.16,BY,2021-03-30 12:14:29
426,426,Bojnourd,37.4747,57.32899999999999,57.2,23,20,4.61,IR,2021-03-30 12:14:29
427,427,Kang,-23.6752,22.7876,82.85,31,96,8.79,BW,2021-03-30 12:14:29
428,428,Guerrero Negro,27.9769,-114.0611,56.41,87,66,6.78,MX,2021-03-30 12:14:29
429,429,Progreso,21.2833,-89.6667,71.01,94,20,9.22,MX,2021-03-30 12:14:30
430,430,Zaraza,9.3503,-65.3245,80.49,63,77,10.38,VE,2021-03-30 12:14:30
431,431,Ust-Maya,60.4167,134.5333,15.46,98,96,1.72,RU,2021-03-30 12:14:30
432,432,Maragogi,-9.0122,-35.2225,81.86,76,81,6.67,BR,2021-03-30 12:14:31
433,433,Marawi,7.9986,124.2928,68.52,95,100,1.39,PH,2021-03-30 12:14:31
434,434,Talnakh,69.4865,88.3972,-12.8,93,12,4.09,RU,2021-03-30 12:14:31
435,435,Guymon,36.6828,-101.4816,39.2,48,1,14.97,US,2021-03-30 12:14:31
436,436,Forsytheganj,52.6333,29.7333,51.37,53,97,11.52,BY,2021-03-30 12:14:32
437,437,Fukuechō,32.6881,128.8419,59.67,64,96,14.38,JP,2021-03-30 12:14:32
438,438,Ambon City,-3.6954,128.1814,82.9,76,84,7.36,ID,2021-03-30 12:14:24
439,439,Pandamatenga,-18.5278,25.627,80.6,44,0,13.8,BW,2021-03-30 12:14:32
440,440,Cidreira,-30.1811,-50.2056,66.09,83,44,15.01,BR,2021-03-30 12:14:32
441,441,Broken Hill,-31.95,141.4333,69.8,30,64,9.22,AU,2021-03-30 12:14:33
442,442,Olafsvik,64.8945,-23.7142,34.66,58,2,2.98,IS,2021-03-30 12:14:33
443,443,Juneau,58.3019,-134.4197,37.4,81,90,11.5,US,2021-03-30 12:14:33
444,444,Manta,-0.95,-80.7333,75.2,94,40,2.3,EC,2021-03-30 12:14:33
445,445,Nefteyugansk,61.0998,72.6035,24.8,80,75,11.18,RU,2021-03-30 12:12:15
446,446,Vigrestad,58.5667,5.7,48.99,93,90,6.82,NO,2021-03-30 12:14:34
447,447,Marsh Harbour,26.5412,-77.0636,76.24,76,96,15.59,BS,2021-03-30 12:14:34
448,448,Abbeville,50.1,1.8333,71.01,48,1,8.34,FR,2021-03-30 12:14:34
449,449,Araceli,10.5529,119.9913,81.9,75,37,9.46,PH,2021-03-30 12:14:35
450,450,Piltene,57.2243,21.6744,48.2,93,0,23.02,LV,2021-03-30 12:14:35
451,451,Bud,39.446999999999996,-86.1758,44.01,68,0,12.28,US,2021-03-30 12:14:35
452,452,Port Hedland,-20.3167,118.5667,86.0,66,3,5.75,AU,2021-03-30 12:14:36
453,453,Pergamino,-33.89,-60.5736,63.0,71,0,1.01,AR,2021-03-30 12:14:36
454,454,Aného,6.2333,1.6,89.6,62,40,9.22,TG,2021-03-30 12:14:36
455,455,Iralaya,15.0,-83.2333,79.5,70,21,12.91,HN,2021-03-30 12:14:36
456,456,Tulsa,36.1001,-95.9003,57.99,58,1,5.75,US,2021-03-30 12:14:37
457,457,Hambantota,6.1241,81.1185,87.8,70,20,5.75,LK,2021-03-30 12:14:37
458,458,Province of Trapani,37.8333,12.6667,64.4,77,0,16.11,IT,2021-03-30 12:14:37
459,459,Arivonimamo,-19.0167,47.1833,82.4,47,75,3.44,MG,2021-03-30 12:14:37
460,460,Mumford,5.2618,-0.759,83.88,73,64,13.67,GH,2021-03-30 12:14:38
461,461,Riachão das Neves,-11.7461,-44.91,79.66,62,72,3.91,BR,2021-03-30 12:14:38
462,462,Bergen,60.391999999999996,5.327999999999999,46.99,100,75,10.36,NO,2021-03-30 12:14:38
463,463,Bara,10.3744,10.7288,97.59,7,29,12.46,NG,2021-03-30 12:14:39
464,464,Comodoro Rivadavia,-45.8667,-67.5,64.4,55,0,1.14,AR,2021-03-30 12:13:38
465,465,Jaguarão,-32.5661,-53.3758,67.37,82,25,11.25,BR,2021-03-30 12:12:53
466,466,Fortuna,40.5982,-124.1573,36.0,93,1,3.44,US,2021-03-30 12:14:39
467,467,Turbat,26.0023,63.044,101.35,7,48,10.29,PK,2021-03-30 12:10:38
468,468,Kampot,10.6167,104.1833,84.2,70,20,5.75,KH,2021-03-30 12:14:39
469,469,Cortez,37.3489,-108.5859,36.0,54,4,8.34,US,2021-03-30 12:14:40
470,470,Yagoua,10.3411,15.2329,98.85,5,13,9.1,CM,2021-03-30 12:14:40
471,471,Dali,25.7,100.1833,61.21,36,36,10.96,CN,2021-03-30 12:14:40
472,472,Ambanja,-13.6833,48.45,83.57,76,98,5.17,MG,2021-03-30 12:14:40
473,473,Palora,-1.7,-77.9333,64.4,100,90,3.44,EC,2021-03-30 12:14:41
474,474,Jalu,29.0331,21.5482,70.27,23,0,12.24,LY,2021-03-30 12:14:41
475,475,Polje,43.8806,18.0744,53.6,62,75,6.91,BA,2021-03-30 12:14:41
476,476,Nakapiripirit,1.9167,34.7833,81.61,39,83,4.45,UG,2021-03-30 12:14:42
477,477,Kafue,-15.7691,28.1814,76.71,48,13,10.07,ZM,2021-03-30 12:14:42
478,478,Cerro Punta,8.85,-82.5667,75.2,88,20,4.36,PA,2021-03-30 12:14:42
479,479,Maridi,4.9158,29.4742,90.86,23,52,3.44,SS,2021-03-30 12:14:43
480,480,Opuwo,-18.0607,13.84,66.16,82,100,9.51,,2021-03-30 12:14:43
481,481,Christchurch,-43.5333,172.6333,59.0,88,90,6.91,NZ,2021-03-30 12:10:35
482,482,Faya,18.3851,42.4509,80.6,20,20,9.22,SA,2021-03-30 12:14:43
483,483,Elbistan,38.2059,37.1983,51.03,38,2,3.18,TR,2021-03-30 12:14:43
484,484,Saint-Augustin,51.226000000000006,-58.6502,8.73,73,87,25.72,CA,2021-03-30 12:14:44
485,485,Maumere,-8.6199,122.2111,79.97,81,100,6.06,ID,2021-03-30 12:14:44
486,486,Viranşehir,37.2353,39.7631,61.75,33,100,5.75,TR,2021-03-30 12:14:44
487,487,Ratchaburi,13.5833,99.5333,93.0,47,98,5.73,TH,2021-03-30 12:14:45
488,488,Haapiti,-17.5667,-149.8667,78.8,78,0,4.61,PF,2021-03-30 12:14:45
489,489,Villa Carlos Paz,-31.4241,-64.4978,68.0,77,0,3.44,AR,2021-03-30 12:14:45
490,490,Butembo,0.15,29.2833,63.45,90,97,1.21,CD,2021-03-30 12:14:45
491,491,Altay,47.8667,88.1167,27.45,58,7,5.61,CN,2021-03-30 12:14:46
492,492,Požega,45.3403,17.6853,66.2,34,0,6.91,HR,2021-03-30 12:14:46
493,493,Zunyi,27.6867,106.9072,71.62,60,4,9.17,CN,2021-03-30 12:14:46
494,494,Knysna,-34.0363,23.0471,69.8,68,0,19.57,ZA,2021-03-30 12:14:47
495,495,Khovu-Aksy,51.1333,93.6,23.25,85,89,1.92,RU,2021-03-30 12:14:47
496,496,Jakar,27.5492,90.7525,46.45,76,99,3.87,BT,2021-03-30 12:14:47
497,497,Sangar,63.9242,127.4739,11.23,96,65,2.68,RU,2021-03-30 12:14:48
498,498,Port Lincoln,-34.7333,135.8667,66.52,64,1,6.98,AU,2021-03-30 12:14:48
499,499,Afuá,-0.1567,-50.3867,77.61,91,99,5.59,BR,2021-03-30 12:14:48
500,500,Deputatsky,69.3,139.9,-8.73,96,54,3.6,RU,2021-03-30 12:14:48
501,501,Champerico,14.3,-91.9167,73.4,88,0,6.98,GT,2021-03-30 12:14:49
502,502,Murray Bridge,-35.1167,139.2667,62.01,75,63,6.2,AU,2021-03-30 12:14:49
503,503,Stade,53.6,9.4833,68.0,55,0,13.8,DE,2021-03-30 12:14:49
504,504,Danielskuil,-28.1887,23.5395,75.67,37,23,12.95,ZA,2021-03-30 12:14:50
505,505,Saint-Raphaël,19.4333,-72.2,70.09,86,20,2.57,HT,2021-03-30 12:14:50
506,506,Kulhudhuffushi,6.6221,73.07,84.18,67,36,6.58,MV,2021-03-30 12:14:50
507,507,San Angelo,31.4638,-100.43700000000001,57.99,72,1,17.27,US,2021-03-30 12:14:50
508,508,Magistral'nyy,56.1725,107.4458,32.76,76,100,8.08,RU,2021-03-30 12:14:51
509,509,Cobán,15.4833,-90.3667,55.4,100,90,2.39,GT,2021-03-30 12:14:51
510,510,Tateyama,34.9833,139.8667,64.99,90,100,3.91,JP,2021-03-30 12:14:51
511,511,Viedma,-40.8135,-62.9967,62.28,73,1,10.98,AR,2021-03-30 12:14:52
512,512,Codrington,-38.2667,141.9667,58.14,92,9,2.28,AU,2021-03-30 12:14:52
513,513,Mareeba,-17.0,145.4333,78.8,73,75,12.66,AU,2021-03-30 12:14:52
514,514,Isangel,-19.55,169.2667,78.44,88,63,9.33,VU,2021-03-30 12:14:52
515,515,Pankrushikha,53.8319,80.3406,26.33,94,100,8.08,RU,2021-03-30 12:14:53
516,516,Alta Floresta,-9.8756,-56.0861,74.82,88,81,3.38,BR,2021-03-30 12:14:53
517,517,Caravelas,-17.7125,-39.2481,83.12,60,46,8.37,BR,2021-03-30 12:14:53
518,518,Afzalpur,17.2,76.35,101.84,8,42,14.36,IN,2021-03-30 12:14:54
519,519,Dzhebariki-Khaya,62.2167,135.8,19.0,96,100,3.49,RU,2021-03-30 12:14:54
520,520,Pontes e Lacerda,-15.2261,-59.3353,75.76,81,67,3.29,BR,2021-03-30 12:14:54
521,521,Bayburt,40.2589,40.2278,34.25,82,3,1.41,TR,2021-03-30 12:11:17
522,522,Whitehorse,60.7161,-135.0538,26.6,68,90,10.36,CA,2021-03-30 12:11:54
523,523,Mogadishu,2.0371,45.3438,86.0,62,20,11.5,SO,2021-03-30 12:14:55
524,524,Lüderitz,-26.6481,15.1594,74.82,53,0,11.18,,2021-03-30 12:14:55
525,525,Tabou,4.423,-7.3528,85.19,66,26,7.02,CI,2021-03-30 12:14:55
526,526,Mankāchar,25.5333,89.8667,91.99,27,2,4.61,IN,2021-03-30 12:14:56
527,527,Lodja,-3.4833,23.4333,94.1,34,46,2.95,CD,2021-03-30 12:14:56
528,528,Borgarnes,64.5383,-21.9206,35.01,51,10,21.0,IS,2021-03-30 12:14:56
529,529,Tahe,52.3333,124.7333,21.97,94,8,3.47,CN,2021-03-30 12:14:27
530,530,Manchester,53.4809,-2.2374,66.99,51,9,4.61,GB,2021-03-30 12:14:56
531,531,Sur,22.5667,59.5289,87.44,41,17,5.93,OM,2021-03-30 12:14:57
532,532,Arlit,18.7369,7.3853,88.77,5,3,1.16,NE,2021-03-30 12:14:57
533,533,Murmashi,68.8154,32.8115,35.6,93,75,4.47,RU,2021-03-30 12:14:57
534,534,Maniitsoq,65.4167,-52.9,29.44,83,100,22.75,GL,2021-03-30 12:14:57
535,535,Asău,46.4333,26.4,55.4,30,0,6.91,RO,2021-03-30 12:14:58
536,536,Lakatoro,-16.0999,167.4164,80.02,85,88,9.35,VU,2021-03-30 12:14:58
537,537,Darhan,49.4867,105.9228,46.06,34,4,6.04,MN,2021-03-30 12:14:58
538,538,Baruun-Urt,46.6806,113.2792,34.7,68,86,16.62,MN,2021-03-30 12:14:59
539,539,Mossendjo,-2.9506,12.7261,80.22,67,94,3.18,CG,2021-03-30 12:14:59
540,540,Daru,-9.0763,143.2092,79.43,87,100,10.58,PG,2021-03-30 12:14:59
541,541,Wenzhou,27.9994,120.6668,69.01,85,100,4.07,CN,2021-03-30 12:15:00
542,542,Luganville,-15.5333,167.1667,79.93,86,94,6.6,VU,2021-03-30 12:15:00
543,543,Cap Malheureux,-19.9842,57.6142,78.8,89,75,4.61,MU,2021-03-30 12:15:00
544,544,Soyo,-6.1349,12.3689,78.8,94,75,1.03,AO,2021-03-30 12:15:00
545,545,Cockburn Town,21.4612,-71.1419,77.49,79,2,24.2,TC,2021-03-30 12:14:07
546,546,Ahipara,-35.1667,173.1667,65.28,95,84,5.5,NZ,2021-03-30 12:15:01
547,547,Sechura,-5.5569,-80.8222,71.08,76,77,9.55,PE,2021-03-30 12:15:01
548,548,Kushima,31.4583,131.2333,60.8,82,40,2.3,JP,2021-03-30 12:15:02
549,549,Kosonsoy,41.2561,71.5508,51.8,50,75,9.22,UZ,2021-03-30 12:15:02
550,550,Poniatowa,51.1798,22.1309,57.99,87,90,9.22,PL,2021-03-30 12:15:02
551,551,Lewistown,40.5992,-77.5714,39.99,100,1,2.89,US,2021-03-30 12:15:02
552,552,Merauke,-8.4667,140.3333,80.01,84,98,11.77,ID,2021-03-30 12:15:03
553,553,Bonaventure,48.0457,-65.4926,23.0,50,11,12.66,CA,2021-03-30 12:15:03
554,554,Beloha,-25.1667,45.05,75.43,51,81,9.37,MG,2021-03-30 12:15:03
555,555,Sawtell,-30.3833,153.1,64.4,94,90,8.05,AU,2021-03-30 12:15:04
556,556,Ketchikan,55.3422,-131.6461,37.4,100,90,5.75,US,2021-03-30 12:15:04
557,557,Xining,36.6167,101.7667,44.82,43,76,18.99,CN,2021-03-30 12:15:04
558,558,Kumul,42.8,93.45,58.62,27,100,8.19,CN,2021-03-30 12:15:05
559,559,Necochea,-38.5473,-58.7368,60.01,80,0,3.0,AR,2021-03-30 12:15:05
560,560,Lubango,-14.9172,13.4925,66.76,74,96,8.37,AO,2021-03-30 12:15:05
561,561,Maxixe,-23.8597,35.3472,84.2,42,40,11.5,MZ,2021-03-30 12:15:05
562,562,Batticaloa,7.7102,81.6924,83.86,72,78,11.34,LK,2021-03-30 12:15:06
563,563,Xai-Xai,-25.0519,33.6442,78.73,51,14,9.19,MZ,2021-03-30 12:15:06
564,564,Yuancheng,36.652,107.7896,59.58,62,54,15.77,CN,2021-03-30 12:15:06
565,565,Orange Cove,36.6244,-119.3137,48.2,81,1,3.44,US,2021-03-30 12:15:07
566,566,West Plains,36.7281,-91.8524,48.99,66,1,4.61,US,2021-03-30 12:15:04
567,567,Metro,-5.1131,105.3067,78.13,86,99,4.74,ID,2021-03-30 12:15:07
568,568,Liverpool,53.4106,-2.9779,63.0,63,5,5.75,GB,2021-03-30 12:15:07
569,569,Joaíma,-16.6542,-41.0306,85.17,47,31,2.13,BR,2021-03-30 12:15:08
570,570,Doiwāla,30.1833,78.1167,93.2,18,3,5.75,IN,2021-03-30 12:15:08
571,571,Yashan,22.1975,109.9419,83.5,49,23,5.64,CN,2021-03-30 12:15:08
572,572,Jacareacanga,-6.2222,-57.7528,77.59,86,82,2.57,BR,2021-03-30 12:15:09
573,573,Barra dos Coqueiros,-10.9089,-37.0386,84.2,74,75,5.75,BR,2021-03-30 12:13:03
574,574,Omboué,-1.5746,9.2618,80.71,77,97,6.2,GA,2021-03-30 12:15:09
575,575,Okha,53.5739,142.9478,30.04,96,100,14.36,RU,2021-03-30 12:15:09
576,576,Verkhnevilyuysk,63.4453,120.3167,13.28,95,70,4.03,RU,2021-03-30 12:12:10
577,577,Candelaria,13.9311,121.4233,82.0,84,100,3.0,PH,2021-03-30 12:15:10
578,578,Unaí,-16.3575,-46.9061,79.88,60,1,0.98,BR,2021-03-30 12:15:10
579,579,Aykhal,66.0,111.5,11.1,98,96,2.68,RU,2021-03-30 12:15:10
